{
	"class_name" : "PinholeCameraParameters",
	"extrinsic" : 
	[
		0.99598932915150074,
		0.0097485852809165822,
		-0.08893942489899731,
		0.0,
		0.0048427631285439922,
		-0.99846307261657397,
		-0.055209059640162823,
		0.0,
		-0.089340941687585218,
		0.054556921706516187,
		-0.99450577596728151,
		0.0,
		-0.63641840046319376,
		0.17940137874552076,
		1.0786151405015483,
		1.0
	],
	"intrinsic" : 
	{
		"height" : 1055,
		"intrinsic_matrix" : 
		[
			913.65680099258282,
			0.0,
			0.0,
			0.0,
			913.65680099258282,
			0.0,
			959.5,
			527.0,
			1.0
		],
		"width" : 1920
	},
	"version_major" : 1,
	"version_minor" : 0
}