{
	"class_name" : "PinholeCameraParameters",
	"extrinsic" : 
	[
		0.96025531882247239,
		0.028218673104622068,
		-0.27769304845704457,
		0.0,
		-0.015753208698697865,
		-0.98781178303175943,
		-0.15485385923286432,
		0.0,
		-0.2786782357645593,
		0.15307379851506581,
		-0.9481069840051396,
		0.0,
		-1.0172843899813138,
		0.3944812150434609,
		1.8295192042111832,
		1.0
	],
	"intrinsic" : 
	{
		"height" : 1055,
		"intrinsic_matrix" : 
		[
			913.65680099258282,
			0.0,
			0.0,
			0.0,
			913.65680099258282,
			0.0,
			959.5,
			527.0,
			1.0
		],
		"width" : 1920
	},
	"version_major" : 1,
	"version_minor" : 0
}