{
	"class_name" : "PinholeCameraParameters",
	"extrinsic" : 
	[
		0.99815988312689008,
		0.019928147851667261,
		-0.057268810353587933,
		0.0,
		0.0015760846595543679,
		-0.95266039477835918,
		-0.30403238014706069,
		0.0,
		-0.060616529703200986,
		0.30338266454091112,
		-0.95093879675970638,
		0.0,
		-0.3521851459057157,
		0.86032914257926452,
		2.5581041034104959,
		1.0
	],
	"intrinsic" : 
	{
		"height" : 1055,
		"intrinsic_matrix" : 
		[
			913.65680099258282,
			0.0,
			0.0,
			0.0,
			913.65680099258282,
			0.0,
			959.5,
			527.0,
			1.0
		],
		"width" : 1920
	},
	"version_major" : 1,
	"version_minor" : 0
}