{
	"class_name" : "PinholeCameraParameters",
	"extrinsic" : 
	[
		0.75966829154037652,
		-0.1753239498885604,
		0.62623126672468143,
		0.0,
		0.0031016215851890619,
		-0.96198455841377417,
		-0.27308623055181391,
		0.0,
		0.65030336518556309,
		0.20939728262069138,
		-0.73024537743104045,
		0.0,
		-1.3055257277411731,
		0.090009881252994473,
		4.5553668963997742,
		1.0
	],
	"intrinsic" : 
	{
		"height" : 991,
		"intrinsic_matrix" : 
		[
			858.2311751503787,
			0.0,
			0.0,
			0.0,
			858.2311751503787,
			0.0,
			959.5,
			495.0,
			1.0
		],
		"width" : 1920
	},
	"version_major" : 1,
	"version_minor" : 0
}