{
	"class_name" : "PinholeCameraParameters",
	"extrinsic" : 
	[
		0.73954982608095476,
		-0.047540933075454435,
		0.67142081768883588,
		0.0,
		0.044469983054641914,
		-0.99187227306765102,
		-0.11921331522414368,
		0.0,
		0.67163120486674066,
		0.11802225892570581,
		-0.73142482255343522,
		0.0,
		-1.0149295171089505,
		0.13628324937570235,
		5.2187294564328077,
		1.0
	],
	"intrinsic" : 
	{
		"height" : 1003,
		"intrinsic_matrix" : 
		[
			868.62347999579197,
			0.0,
			0.0,
			0.0,
			868.62347999579197,
			0.0,
			959.5,
			501.0,
			1.0
		],
		"width" : 1920
	},
	"version_major" : 1,
	"version_minor" : 0
}