{
	"class_name" : "PinholeCameraParameters",
	"extrinsic" : 
	[
		0.99028348203090155,
		-0.0040702474637019518,
		-0.13900380679081176,
		0.0,
		-0.014023322705905374,
		-0.99739913016521409,
		-0.07069880880156644,
		0.0,
		-0.13835451433559776,
		0.07196115779542904,
		-0.98776496198827712,
		0.0,
		-0.59090699194642526,
		0.14988216792781728,
		1.494468217548184,
		1.0
	],
	"intrinsic" : 
	{
		"height" : 1055,
		"intrinsic_matrix" : 
		[
			913.65680099258282,
			0.0,
			0.0,
			0.0,
			913.65680099258282,
			0.0,
			959.5,
			527.0,
			1.0
		],
		"width" : 1920
	},
	"version_major" : 1,
	"version_minor" : 0
}